{
  "final_weights": {
    "RSI_2": 0.09554119244897441,
    "MA_20": 0.07360870523391976,
    "RET_20": 0.0875185699839233,
    "KDJ_K": 0.05079927965133326,
    "RET_60": 0.15846773074179632,
    "MA_10": 0.0887755419535432,
    "RSI_3": 0.04756648734132368,
    "KDJ_D": 0.14222191640401324,
    "LN_MCAP": 0.053339702253419746,
    "MA_5": 0.04813286889152628,
    "MA_30": 0.08986418241737294,
    "RSI_1": 0.0641638226788539
  },
  "window_weights": [
    {
      "RSI_1": 0.059299925321360594,
      "RSI_2": 0.12227338286856011,
      "RSI_3": 0.01,
      "KDJ_K": 0.07868784393798144,
      "KDJ_D": 0.17023779806262682,
      "MA_5": 0.074541721230346,
      "MA_10": 0.026295267629309053,
      "MA_20": 0.10807863122957598,
      "MA_30": 0.15935073870702057,
      "RET_20": 0.04466432221637804,
      "RET_60": 0.12890764741586547,
      "LN_MCAP": 0.017662721380975993
    },
    {
      "RSI_1": 0.05906169249230462,
      "RSI_2": 0.12191961557066362,
      "RSI_3": 0.010028108788097949,
      "KDJ_K": 0.010028108788097949,
      "KDJ_D": 0.2910716255782069,
      "MA_5": 0.044950586636627606,
      "MA_10": 0.024944590960872856,
      "MA_20": 0.10454561960292354,
      "MA_30": 0.1567918548942174,
      "RET_20": 0.04102257103794974,
      "RET_60": 0.1256075168619398,
      "LN_MCAP": 0.010028108788097949
    },
    {
      "RSI_1": 0.06444046487996115,
      "RSI_2": 0.010825136811061639,
      "RSI_3": 0.1379038789472616,
      "KDJ_K": 0.0312091588048845,
      "KDJ_D": 0.011646218594162124,
      "MA_5": 0.06303916769913151,
      "MA_10": 0.20548017954476244,
      "MA_20": 0.05419692742719559,
      "MA_30": 0.03278007551801082,
      "RET_20": 0.11073061601721952,
      "RET_60": 0.22298716202851937,
      "LN_MCAP": 0.05476101372782969
    },
    {
      "RSI_1": 0.07385320802178927,
      "RSI_2": 0.12714663454561229,
      "RSI_3": 0.03233396162993518,
      "KDJ_K": 0.08327200707436916,
      "KDJ_D": 0.09593202338105711,
      "MA_5": 0.01,
      "MA_10": 0.09838212967922842,
      "MA_20": 0.027613642675983943,
      "MA_30": 0.010534060550242981,
      "RET_20": 0.15365677066414585,
      "RET_60": 0.1563685966608606,
      "LN_MCAP": 0.13090696511677535
    }
  ],
  "factor_importance": {
    "factor": {
      "0": "RSI_2",
      "1": "MA_20",
      "2": "RET_20",
      "3": "KDJ_K",
      "4": "RET_60",
      "5": "MA_10",
      "6": "RSI_3",
      "7": "KDJ_D",
      "8": "LN_MCAP",
      "9": "MA_5",
      "10": "MA_30",
      "11": "RSI_1"
    },
    "base_weight": {
      "0": 0.09554119244897441,
      "1": 0.07360870523391976,
      "2": 0.0875185699839233,
      "3": 0.05079927965133326,
      "4": 0.15846773074179632,
      "5": 0.0887755419535432,
      "6": 0.04756648734132368,
      "7": 0.14222191640401324,
      "8": 0.053339702253419746,
      "9": 0.04813286889152628,
      "10": 0.08986418241737294,
      "11": 0.0641638226788539
    },
    "sensitivity": {
      "0": 0.0,
      "1": 0.0,
      "2": 0.0,
      "3": 0.0,
      "4": 0.0,
      "5": 0.0,
      "6": 0.0,
      "7": 0.0,
      "8": 0.0,
      "9": 0.0,
      "10": 0.0,
      "11": 0.0
    },
    "fitness_range": {
      "0": 0.0,
      "1": 0.0,
      "2": 0.0,
      "3": 0.0,
      "4": 0.0,
      "5": 0.0,
      "6": 0.0,
      "7": 0.0,
      "8": 0.0,
      "9": 0.0,
      "10": 0.0,
      "11": 0.0
    }
  }
}